{"filename": "pyntcloud_plot", "camera_position": [29.695419311523438, 37.25075149536133, 29.77159309387207], "look_at": [-0.12030815333127975, -0.15892890095710754, -2.3868002891540527], "point_size": 0.37209884643554686, "point_opacity": 0.9, "polylines_points": [], "polylines_colors": []}